<?xml version="1.0" encoding="UTF-8" standalone="yes"?>
<addon id="plugin.video.dailyflix"
       name="Dailyflix"
       version="1.2"
       provider-name="Vinnydude">
  <requires>
    <import addon="xbmc.python" version="2.0"/>
  </requires>
  <extension point="xbmc.python.pluginsource"
            library="default.py">
        <provides>video</provides>
  </extension>
  <extension point="xbmc.addon.metadata">
    <summary lang="en">Dailyflix</summary>
    <description lang="en">A plugin in for Dailyflix</description>
    <platform>all</platform>
  </extension>
</addon>
