<?xml version="1.0" encoding="UTF-8" standalone="yes"?>
<addon id="repository.YourRepo" name="HELLO REPO" version="1.0" provider-name="HELLO Your Name">
	<extension point="xbmc.addon.repository" name="HELLO Addon Repository">
		<info compressed="false">https://github.com/CHANGEME/My-Repo/raw/master/addons.xml</info>
		<checksum>https://github.com/CHANGEME/Your-Repo/raw/master/addons.xml.md5</checksum>
		<datadir zip="true">https://github.com/CHANGEME/My-Repo/raw/master/zips</datadir>
	</extension>
	<extension point="xbmc.addon.metadata">
		<summary>Install MY Addons</summary>
		<description>Download and install addons from HELLO.......For OFFICIAL !! Support Visit XBMCHUB.COM</description>
		<platform>all</platform>
	</extension>
</addon>

